-- Adminer 4.7.1 MySQL dump

SET NAMES utf8;
SET time_zone = '+00:00';
SET foreign_key_checks = 0;
SET sql_mode = 'NO_AUTO_VALUE_ON_ZERO';

DROP TABLE IF EXISTS `Cadastros`;
CREATE TABLE `Cadastros` (
  `uuid` char(36) NOT NULL,
  `Id` bigint(20) NOT NULL AUTO_INCREMENT,
  `Nome` varchar(255) NOT NULL,
  `Email` varchar(255) NOT NULL,
  `Telefone` varchar(255) NOT NULL,
  `Observacoes` text NOT NULL,
  `Senha` varchar(255) NOT NULL,
  `Situacao` int(1) NOT NULL DEFAULT '1',
  `Arquivado` int(1) NOT NULL DEFAULT '0',
  `Ip` char(15) NOT NULL,
  `Agente` text NOT NULL,
  `Criacao` datetime NOT NULL,
  PRIMARY KEY (`Id`),
  UNIQUE KEY `Email` (`Email`)
) ENGINE=InnoDB AUTO_INCREMENT=18 DEFAULT CHARSET=latin1;

INSERT INTO `Cadastros` (`uuid`, `Id`, `Nome`, `Email`, `Telefone`, `Observacoes`, `Senha`, `Situacao`, `Arquivado`, `Ip`, `Agente`, `Criacao`) VALUES
('c0467c25-43a3-231b-57a2-54aa545d0e19',	1,	'Ubiratã Carvalho Nogueira',	'bira@biracarvalho.com.br',	'(62) 98331-3227',	'Credibly syndicate strategic imperatives and low-risk high-yield alignments. Authoritatively cultivate cross functional niches before sticky materials. Proactively enable pandemic content for enterprise-wide action items. Phosfluorescently.',	'$2y$10$/U5LfrQ8ZcdoHXW4Q0zo3Ox0pBeJQOU.XBCduaZythisVrCGcdecK',	1,	0,	'127.0.0.1',	'Mozilla/5.0 (X11; Ubuntu; Linux x86_64; rv:65.0) Gecko/20100101 Firefox/65.0',	'0000-00-00 00:00:00'),
('093c8470-dfc3-6db8-547f-405e3e76145d',	2,	'Ubirajara Carvalho Nogueira',	'jaracarvalho@hotmail.com',	'(19) 99652-2222',	'',	'$2y$10$9vly9agHNjS/tou789XhvevLxO8gzUrUZpKmTrneJQfOn5sk9docW',	1,	0,	'127.0.0.1',	'Mozilla/5.0 (X11; Ubuntu; Linux x86_64; rv:65.0) Gecko/20100101 Firefox/65.0',	'0000-00-00 00:00:00'),
('26e81311-8ec6-1603-6802-1cd8e32d25af',	3,	'Lia Isumi',	'lia@labe.cx',	'(11) 98625-4666',	'',	'$2y$10$zjUzzx7FfmeVn0qBdEEn4ecvs43f743lLwjnLWsLov3tTplW660iK',	1,	0,	'127.0.0.1',	'Mozilla/5.0 (X11; Ubuntu; Linux x86_64; rv:65.0) Gecko/20100101 Firefox/65.0',	'2019-03-21 22:55:27'),
('83eac5e5-12b7-04d0-d8ad-354a6771649c',	17,	'Ubiratã Carvalho Nogueira',	'adm@biracarvalho.com.br',	'',	'',	'$2y$10$we8cl7o1mf/qR0CdoEc/s.033j.0ufqb9InxiXaC5y0nr2tqIfR5.',	0,	1,	'127.0.0.1',	'Mozilla/5.0 (X11; Ubuntu; Linux x86_64; rv:66.0) Gecko/20100101 Firefox/66.0',	'2019-04-08 21:00:07');

DROP TABLE IF EXISTS `Configuracoes`;
CREATE TABLE `Configuracoes` (
  `Id` bigint(20) NOT NULL AUTO_INCREMENT,
  `uuid` char(36) NOT NULL,
  `Tipo` varchar(25) DEFAULT 'varchar',
  `Grupo` bigint(20) NOT NULL,
  `Slug` varchar(255) NOT NULL,
  `Titulo` varchar(255) NOT NULL,
  `Descricao` text,
  `Valor` longtext,
  `Ordem` int(10) DEFAULT '0',
  `Exibir` int(1) DEFAULT '0',
  `Arquivado` int(1) DEFAULT '0',
  `Situacao` int(1) DEFAULT '1',
  `Criacao` datetime DEFAULT NULL,
  `Atualizacao` datetime DEFAULT NULL,
  `AlteracaoUsuarioId` bigint(20) DEFAULT NULL,
  PRIMARY KEY (`Id`),
  UNIQUE KEY `Slug` (`Slug`)
) ENGINE=InnoDB AUTO_INCREMENT=19 DEFAULT CHARSET=latin1;

INSERT INTO `Configuracoes` (`Id`, `uuid`, `Tipo`, `Grupo`, `Slug`, `Titulo`, `Descricao`, `Valor`, `Ordem`, `Exibir`, `Arquivado`, `Situacao`, `Criacao`, `Atualizacao`, `AlteracaoUsuarioId`) VALUES
(1,	'bd722969-0200-11e8-aa85-08002750d3e2',	'varchar',	1,	'url',	'URL do Site',	'',	'http://biracarvalho.com.br/triconsult',	0,	1,	0,	1,	'2018-01-25 16:45:02',	'2018-01-25 16:45:02',	1),
(2,	'',	'varchar',	3,	'googleRecaptchaPrivateKey',	'Google Recaptcha Private Key',	'Chave privada da api do Google Recaptcha.',	'6LccA50UAAAAAAUvaXoMqS49dslmzibBtCbiIlpO',	0,	0,	0,	1,	'2018-01-25 16:45:02',	'2018-01-25 16:45:02',	1),
(3,	'bd722b6f-0200-11e8-aa85-08002750d3e2',	'varchar',	3,	'googleAnalytics',	'Google Analytics Code',	'',	'XX-000000-00',	0,	1,	0,	1,	'2018-01-25 16:45:02',	'2018-01-25 16:45:02',	1),
(4,	'bd722bc2-0200-11e8-aa85-08002750d3e2',	'varchar',	1,	'dominio',	'Domínio',	'',	'biracarvalho.com.br',	0,	1,	0,	1,	'2018-01-25 16:45:02',	'2018-01-25 16:45:02',	1),
(5,	'bd722e2e-0200-11e8-aa85-08002750d3e2',	'varchar',	1,	'siteTitulo',	'Título do Site',	'',	'Bira Carvalho - Desenvolvedor Web',	0,	1,	0,	1,	'2018-01-25 16:45:02',	'2018-01-25 16:45:02',	1),
(6,	'bd722eb7-0200-11e8-aa85-08002750d3e2',	'varchar',	2,	'emailContato',	'Email de Contato',	'Endereço de email para onde serão enviados as mensagens do formulários de contato do site.',	'',	0,	1,	0,	1,	'2018-01-25 16:45:02',	'2018-01-25 16:45:02',	1),
(7,	'bd722f08-0200-11e8-aa85-08002750d3e2',	'varchar',	3,	'googleRecaptchaPubliqueKey',	'Google Recaptcha Publique Key',	'Chave publica para api do Google Recaptcha.',	'6LccA50UAAAAAOLuQIWI2aZuQCNa67ugPY4jjK4M',	0,	0,	0,	1,	'2018-01-25 16:45:02',	'2018-01-25 16:45:02',	1),
(8,	'bd722f57-0200-11e8-aa85-08002750d3e2',	'varchar',	2,	'phpmailerUsuario',	'PHPMailer - Usuário',	'Usuário da conta de email utilizada para autenticar o envio de emails do site.',	'',	2,	0,	0,	1,	'2018-01-25 16:45:02',	'2018-01-25 16:45:02',	1),
(9,	'bd722fa7-0200-11e8-aa85-08002750d3e2',	'varchar',	2,	'phpmailerDominio',	'PHPMailer - Domínio',	'',	'',	3,	0,	0,	1,	'2018-01-25 16:45:02',	'2018-01-25 16:45:02',	1),
(10,	'bd722ff0-0200-11e8-aa85-08002750d3e2',	'varchar',	2,	'phpmailerSenha',	'PHPMailer - Senha',	'',	'',	4,	0,	0,	1,	'2018-01-25 16:45:02',	'2018-01-25 16:45:02',	1),
(18,	'6e77890a-c89e-e5b2-7086-b88930e7f21c',	'varchar',	1,	'siteTelefone',	'Telefone',	'',	'',	11,	1,	0,	1,	'2018-01-30 19:00:05',	'0000-00-00 00:00:00',	1);

DROP TABLE IF EXISTS `ConfiguracoesGrupos`;
CREATE TABLE `ConfiguracoesGrupos` (
  `Id` bigint(20) NOT NULL AUTO_INCREMENT,
  `Titulo` varchar(255) NOT NULL,
  `Slug` varchar(255) NOT NULL,
  `Descricao` text NOT NULL,
  `Ordem` int(10) NOT NULL DEFAULT '0',
  `Situacao` int(1) NOT NULL DEFAULT '1',
  PRIMARY KEY (`Id`),
  UNIQUE KEY `Slug` (`Slug`)
) ENGINE=InnoDB AUTO_INCREMENT=4 DEFAULT CHARSET=latin1;

INSERT INTO `ConfiguracoesGrupos` (`Id`, `Titulo`, `Slug`, `Descricao`, `Ordem`, `Situacao`) VALUES
(1,	'Site',	'site',	'Informações básicas do site',	0,	1),
(2,	'Emails',	'emails',	'Dados para envio de emails',	0,	1),
(3,	'Google',	'google',	'Dados de conexão com serviços da Google',	0,	1);

DROP TABLE IF EXISTS `Conteudos`;
CREATE TABLE `Conteudos` (
  `uuid` char(36) NOT NULL,
  `Id` bigint(20) NOT NULL AUTO_INCREMENT,
  `Grupos` varchar(2550) DEFAULT NULL,
  `Secoes` varchar(2550) DEFAULT NULL,
  `MidiasImagens` varchar(2550) DEFAULT NULL,
  `MidiasArquivos` varchar(2550) DEFAULT NULL,
  `MidiasCapa` varchar(2550) DEFAULT NULL,
  `MidiasAnexo` varchar(2550) DEFAULT NULL,
  `Titulo` varchar(255) DEFAULT NULL,
  `Slug` varchar(255) DEFAULT NULL,
  `Data` date DEFAULT NULL,
  `Resumo` tinytext,
  `Video` varchar(255) DEFAULT NULL,
  `Texto` text,
  `Url` varchar(255) DEFAULT NULL,
  `Fonte` varchar(255) DEFAULT NULL,
  `Autor` varchar(255) DEFAULT NULL,
  `Destaque` int(1) DEFAULT '0',
  `Situacao` int(1) DEFAULT '1',
  `Privado` int(1) DEFAULT '0',
  `Arquivado` int(1) DEFAULT '0',
  `Galeria` int(1) DEFAULT '1',
  `Ordem` int(1) DEFAULT '0',
  `Atualizacao` datetime DEFAULT NULL ON UPDATE CURRENT_TIMESTAMP,
  `AtualizacaoUsuarioId` bigint(20) DEFAULT NULL,
  PRIMARY KEY (`Id`),
  KEY `secId` (`Secoes`(767)),
  KEY `pubSeo` (`Slug`)
) ENGINE=InnoDB DEFAULT CHARSET=latin1;


DROP TABLE IF EXISTS `ConteudosMeta`;
CREATE TABLE `ConteudosMeta` (
  `Id` bigint(20) NOT NULL AUTO_INCREMENT,
  `ConteudosId` bigint(20) NOT NULL,
  `Tag` varchar(255) NOT NULL,
  `Titulo` varchar(255) DEFAULT NULL,
  `Valor` longtext,
  `Ordem` int(10) DEFAULT '0',
  PRIMARY KEY (`Id`),
  KEY `ConteudosId` (`ConteudosId`),
  KEY `Tag` (`Tag`)
) ENGINE=InnoDB DEFAULT CHARSET=latin1;


DROP TABLE IF EXISTS `Grupos`;
CREATE TABLE `Grupos` (
  `Id` bigint(20) NOT NULL AUTO_INCREMENT,
  `PaiId` bigint(20) NOT NULL,
  `Titulo` varchar(255) NOT NULL,
  `Slug` varchar(255) NOT NULL,
  `Descricao` text NOT NULL,
  `Ordem` int(10) NOT NULL DEFAULT '0',
  `Situacao` int(1) NOT NULL DEFAULT '1',
  PRIMARY KEY (`Id`),
  UNIQUE KEY `Slug` (`Slug`)
) ENGINE=InnoDB DEFAULT CHARSET=latin1;


DROP TABLE IF EXISTS `Midias`;
CREATE TABLE `Midias` (
  `uuid` varchar(32) NOT NULL,
  `Id` bigint(20) NOT NULL AUTO_INCREMENT,
  `Nome` varchar(255) NOT NULL,
  `NomeOriginal` varchar(255) NOT NULL,
  `MimeType` varchar(255) NOT NULL,
  `Legenda` varchar(255) DEFAULT NULL,
  `Ordem` int(10) DEFAULT '0',
  `Situacao` int(1) DEFAULT '1',
  `Descricao` text,
  `Arquivado` int(1) DEFAULT '0',
  `Referencia` varchar(255) DEFAULT NULL,
  PRIMARY KEY (`Id`),
  UNIQUE KEY `uuid` (`uuid`),
  KEY `Nome` (`Nome`)
) ENGINE=InnoDB DEFAULT CHARSET=latin1;


DROP TABLE IF EXISTS `Questionarios`;
CREATE TABLE `Questionarios` (
  `uuid` char(36) NOT NULL,
  `Id` bigint(20) NOT NULL AUTO_INCREMENT,
  `Grupos` varchar(2550) DEFAULT NULL,
  `Secoes` varchar(2550) DEFAULT NULL,
  `Titulo` varchar(255) DEFAULT NULL,
  `Slug` varchar(255) DEFAULT NULL,
  `Data` date DEFAULT NULL,
  `Resumo` tinytext,
  `Texto` text,
  `Escala` int(11) DEFAULT '10',
  `Destaque` int(1) DEFAULT '0',
  `Situacao` int(1) DEFAULT '1',
  `Privado` int(1) DEFAULT '0',
  `Arquivado` int(1) DEFAULT '0',
  `Ordem` int(1) DEFAULT '0',
  `Atualizacao` datetime DEFAULT NULL ON UPDATE CURRENT_TIMESTAMP,
  `AtualizacaoUsuarioId` bigint(20) DEFAULT NULL,
  PRIMARY KEY (`Id`),
  KEY `secId` (`Secoes`(767)),
  KEY `pubSeo` (`Slug`)
) ENGINE=InnoDB AUTO_INCREMENT=4 DEFAULT CHARSET=latin1;

INSERT INTO `Questionarios` (`uuid`, `Id`, `Grupos`, `Secoes`, `Titulo`, `Slug`, `Data`, `Resumo`, `Texto`, `Escala`, `Destaque`, `Situacao`, `Privado`, `Arquivado`, `Ordem`, `Atualizacao`, `AtualizacaoUsuarioId`) VALUES
('083012aa-0cdb-43e8-72ac-3644cd8b3ebf',	1,	'',	'2',	'Individual',	'individual',	'0000-00-00',	'',	'',	10,	0,	1,	0,	0,	0,	'2019-04-23 22:50:07',	1),
('56058b57-b65a-cb57-49a0-df5e8ce866e4',	2,	'',	'2',	'Organizacional',	'organizacional',	'0000-00-00',	'',	'',	10,	0,	1,	0,	0,	0,	'2019-04-10 16:50:11',	1),
('693aa0d6-3c38-77a9-25e3-a5fc5ee0c2e0',	3,	'',	'2',	'Família Empresarial',	'familia-empresarial',	'0000-00-00',	'',	'',	10,	0,	1,	0,	0,	0,	'2019-04-10 16:50:04',	1);

DROP TABLE IF EXISTS `QuestionariosConclusoes`;
CREATE TABLE `QuestionariosConclusoes` (
  `uuid` char(36) NOT NULL,
  `Id` bigint(20) NOT NULL AUTO_INCREMENT,
  `QuestionariosIndiceId` bigint(20) NOT NULL,
  `Texto1` text NOT NULL,
  `Texto2` text NOT NULL,
  `Texto3` text NOT NULL,
  PRIMARY KEY (`Id`)
) ENGINE=InnoDB AUTO_INCREMENT=7 DEFAULT CHARSET=latin1;

INSERT INTO `QuestionariosConclusoes` (`uuid`, `Id`, `QuestionariosIndiceId`, `Texto1`, `Texto2`, `Texto3`) VALUES
('88cfd7cf-661c-11e9-ab41-5cc9d35306d9',	1,	8,	'Wyleyia Ischisaurus Dryosaurus Suzhousaurus Lamplughsaura Balochisaurus Epidendrosaurus Hecatasaurus Koreanosaurus Embasaurus Daspletosaurus Sinotyrannus Nanotyrannus Leptorhynchos Iguanodon.\r\n',	'Ilokelesia Amtocephale Metriacanthosaurus Bothriospondylus Dakotadon Yangchuanosaurus Ichthyornis dispar Pitekunsaurus Abrictosaurus Duriavenator Amtosaurus Poekilopleuron Zatomus Microcoelus Torvosaurus.',	'Teratosaurus Paluxysaurus Avalonia Oligosaurus Megadactylus Atlantosaurus Avaceratops Cetiosaurus Siluosaurus Geranosaurus Postosuchus Dolichosuchus Thespesius Proa Bagaceratops.\r\n\r\nCharonosaurus Patagosaurus Agnosphitys Xuanhuaceratops Diclonius Aublysodon Chingkankousaurus Protarchaeopteryx Cheneosaurus Antrodemus Ceratonykus Scleromochlus Rileyasuchus Cetiosaurus Tomodon.\r\n\r\nFukuisaurus Diamantinasaurus Archaeornithomimus Diclonius Rhodanosaurus Trialestes Craterosaurus Proceratosaurus Protohadros Tatankacephalus Ischyrosaurus Phyllodon Suuwassea Crataeomus Dystylosaurus.\r\n\r\n'),
('aa2f4771-661c-11e9-ab41-5cc9d35306d9',	2,	6,	'Protognathosaurus Orodromeus Berberosaurus Mei Gargoyleosaurus Psittacosaurus Centrosaurus Koutalisaurus Futabasaurus Erlicosaurus Sauroposeidon Mendozasaurus Bistahieversor Protoceratops Nanotyrannus.\r\n\r\nOrthogoniosaurus Limaysaurus Platyceratops Koreanosaurus Leptospondylus Huaxiaosaurus Ricardoestesia Erlicosaurus Procheneosaurus Jinfengopteryx Sinopliosaurus Mantellisaurus Eoabelisaurus Elmisaurus Mussaurus.',	'Revueltosaurus Magnirostris Lariosaurus Isisaurus Shuangmiaosaurus Pantydraco Penelopognathus Dinodocus Iguanodon Ammosaurus Yaleosaurus Altispinax Coelurosauravus Gravitholus Aublysodon.\r\n\r\nTanystropheus Macrurosaurus Diplodocus Linhevenator Compsosuchus Mononykus Leonerasaurus Naashoibitosaurus Zapalasaurus Asylosaurus Styracosaurus Hexing Chondrosteosaurus Palaeocursornis Atacamatitan.\r\n\r\nSinusonasus Troodon Stygivenator Agustinia Colonosaurus Sellacoxa Bistahieversor Dromicosaurus Lourinhasaurus Unaysaurus Unaysaurus Draconyx Ampelosaurus Albertaceratops Aublysodon.',	'Zanabazar Siamotyrannus Haplocanthus Hadrosaurus Arenysaurus Atlascopcosaurus Altispinax Kunmingosaurus Actiosaurus Teyuwasu Kundurosaurus Cryptodraco Majungatholus Barsboldia Noasaurus.\r\n\r\nLuoyanggia Bonapartenykus Lapparentosaurus Gondwanatitan Wulatelong Dromaeosauroides Agustinia Cathetosaurus Losillasaurus Laornis Ekrixinatosaurus Ichthyornis dispar Paluxysaurus Futalognkosaurus Ankylosaurus.\r\n\r\nTugulusaurus Leonerasaurus Doratodon Sellacoxa Eoabelisaurus Berberosaurus Troodon Shuvuuia Archaeoceratops Abelisaurus Anoplosaurus Indosaurus Centrosaurus Archaeopteryx Magnirostris.'),
('0f7ea012-2f82-0085-e0f4-3bfefbd9ba6b',	5,	20,	'Lorem ipsum dolor sit amet, consectetur adipiscing elit. Quae fere omnia appellantur uno ingenii nomine, easque virtutes qui habent, ingeniosi vocantur. Legimus tamen Diogenem, Antipatrum, Mnesarchum, Panaetium, multos alios in primisque familiarem nostrum Posidonium. Sed mehercule pergrata mihi oratio tua. Possumusne ergo in vita summum bonum dicere, cum id ne in cena quidem posse videamur? Ergo id est convenienter naturae vivere, a natura discedere. Duo Reges: constructio interrete. Ex eorum enim scriptis et institutis cum omnis doctrina liberalis, omnis historia. -----\r\n\r\n\r\n',	'Sedulo, inquam, faciam. Parvi enim primo ortu sic iacent, tamquam omnino sine animo sint. Teneo, inquit, finem illi videri nihil dolere. Mihi quidem Antiochum, quem audis, satis belle videris attendere. Scientiam pollicentur, quam non erat mirum sapientiae cupido patria esse cariorem. Cum autem in quo sapienter dicimus, id a primo rectissime dicitur. \r\n\r\n',	'Quae diligentissime contra Aristonem dicuntur a Chryippo. Eiuro, inquit adridens, iniquum, hac quidem de re; Quid de Platone aut de Democrito loquar? Quod cum dixissent, ille contra. Satis est ad hoc responsum. Hoc loco discipulos quaerere videtur, ut, qui asoti esse velint, philosophi ante fiant. Nam quibus rebus efficiuntur voluptates, eae non sunt in potestate sapientis. Quae cum ita sint, effectum est nihil esse malum, quod turpe non sit. \r\n'),
('1a8b91ae-fc92-ae6a-eb44-f7c2a7b3e870',	6,	25,	'teste',	'teste',	'teste');

DROP TABLE IF EXISTS `QuestionariosIndice`;
CREATE TABLE `QuestionariosIndice` (
  `uuid` char(36) NOT NULL,
  `Id` bigint(20) NOT NULL AUTO_INCREMENT,
  `CadastrosId` bigint(20) NOT NULL,
  `QuestionariosId` bigint(20) NOT NULL,
  `Criacao` datetime NOT NULL,
  `Ip` char(15) NOT NULL,
  `Agente` text NOT NULL,
  PRIMARY KEY (`Id`)
) ENGINE=InnoDB AUTO_INCREMENT=26 DEFAULT CHARSET=latin1;

INSERT INTO `QuestionariosIndice` (`uuid`, `Id`, `CadastrosId`, `QuestionariosId`, `Criacao`, `Ip`, `Agente`) VALUES
('aadfc625-b254-97a3-c38c-47ec8fb77194',	1,	1,	1,	'2019-04-21 13:26:00',	'127.0.0.1',	'Mozilla/5.0 (X11; Ubuntu; Linux x86_64; rv:66.0) Gecko/20100101 Firefox/66.0'),
('1e06e3e8-e09b-ebdf-5c37-f811752940d7',	2,	1,	1,	'2019-04-21 15:05:11',	'127.0.0.1',	'Mozilla/5.0 (X11; Ubuntu; Linux x86_64; rv:66.0) Gecko/20100101 Firefox/66.0'),
('eaadba88-a468-fe96-9c5e-6fd186f49ef2',	3,	1,	1,	'2019-04-21 16:28:28',	'127.0.0.1',	'Mozilla/5.0 (X11; Ubuntu; Linux x86_64; rv:66.0) Gecko/20100101 Firefox/66.0'),
('f64a6ad0-b27b-c5d5-f364-451cd561e324',	4,	1,	1,	'2019-04-21 16:29:28',	'127.0.0.1',	'Mozilla/5.0 (X11; Ubuntu; Linux x86_64; rv:66.0) Gecko/20100101 Firefox/66.0'),
('58e823c2-5ad8-18d2-b6cf-ab7fa40c4fd1',	5,	1,	1,	'2019-04-23 12:22:29',	'127.0.0.1',	'Mozilla/5.0 (X11; Ubuntu; Linux x86_64; rv:66.0) Gecko/20100101 Firefox/66.0'),
('76f42589-0ead-98bc-017a-1e6cbb1ec046',	6,	1,	2,	'2019-04-23 14:05:35',	'127.0.0.1',	'Mozilla/5.0 (X11; Ubuntu; Linux x86_64; rv:66.0) Gecko/20100101 Firefox/66.0'),
('5a288ea6-7ff4-38be-35ba-1dc388050cf0',	7,	1,	2,	'2019-04-23 14:58:05',	'127.0.0.1',	'Mozilla/5.0 (X11; Ubuntu; Linux x86_64; rv:66.0) Gecko/20100101 Firefox/66.0'),
('9dc7844a-2088-9de4-1ae0-83ff6a2f43b7',	8,	1,	3,	'2019-04-23 14:58:25',	'127.0.0.1',	'Mozilla/5.0 (X11; Ubuntu; Linux x86_64; rv:66.0) Gecko/20100101 Firefox/66.0'),
('7e858d24-60a8-c9e0-639e-af4c4316aa2b',	9,	1,	3,	'2019-04-23 16:49:19',	'127.0.0.1',	'Mozilla/5.0 (X11; Ubuntu; Linux x86_64; rv:66.0) Gecko/20100101 Firefox/66.0'),
('3af5d2ad-a8ef-9a73-ad21-f3c97f9565c8',	10,	1,	1,	'2019-04-23 16:49:23',	'127.0.0.1',	'Mozilla/5.0 (X11; Ubuntu; Linux x86_64; rv:66.0) Gecko/20100101 Firefox/66.0'),
('c2f31c9e-cfc5-21f7-82d7-84a0a76c902e',	11,	1,	1,	'2019-04-23 16:49:27',	'127.0.0.1',	'Mozilla/5.0 (X11; Ubuntu; Linux x86_64; rv:66.0) Gecko/20100101 Firefox/66.0'),
('385409dd-28a4-aaf4-7005-52ee0e5b2476',	12,	1,	1,	'2019-04-23 17:27:57',	'127.0.0.1',	'Mozilla/5.0 (X11; Ubuntu; Linux x86_64; rv:66.0) Gecko/20100101 Firefox/66.0'),
('1b59a042-e899-4afe-ae43-ec0d928c6f7e',	13,	1,	1,	'2019-04-23 17:28:03',	'127.0.0.1',	'Mozilla/5.0 (X11; Ubuntu; Linux x86_64; rv:66.0) Gecko/20100101 Firefox/66.0'),
('51d65e48-6a2c-d798-6640-b8677727350b',	14,	1,	2,	'2019-04-23 17:37:14',	'127.0.0.1',	'Mozilla/5.0 (X11; Ubuntu; Linux x86_64; rv:66.0) Gecko/20100101 Firefox/66.0'),
('edee1b2c-0972-0b7e-dfe1-b61719c16675',	15,	1,	3,	'2019-04-23 17:37:20',	'127.0.0.1',	'Mozilla/5.0 (X11; Ubuntu; Linux x86_64; rv:66.0) Gecko/20100101 Firefox/66.0'),
('c14ebac9-e268-6bc1-4f26-b004ca538fbd',	16,	1,	2,	'2019-04-23 17:37:32',	'127.0.0.1',	'Mozilla/5.0 (X11; Ubuntu; Linux x86_64; rv:66.0) Gecko/20100101 Firefox/66.0'),
('89eca8ed-04f9-8e3d-5c81-91734065a764',	17,	1,	1,	'2019-04-23 17:37:37',	'127.0.0.1',	'Mozilla/5.0 (X11; Ubuntu; Linux x86_64; rv:66.0) Gecko/20100101 Firefox/66.0'),
('28122c60-e597-c8f6-84c1-5097c400b240',	18,	3,	1,	'2019-04-23 17:41:57',	'127.0.0.1',	'Mozilla/5.0 (X11; Ubuntu; Linux x86_64; rv:66.0) Gecko/20100101 Firefox/66.0'),
('d896cb24-480c-dc4b-1e34-4bae1201f1d3',	19,	1,	2,	'2019-04-23 20:48:48',	'127.0.0.1',	'Mozilla/5.0 (X11; Ubuntu; Linux x86_64; rv:66.0) Gecko/20100101 Firefox/66.0'),
('8e178433-8017-e01d-59e3-2136f3d35563',	20,	1,	1,	'2019-04-23 21:21:41',	'127.0.0.1',	'Mozilla/5.0 (X11; Ubuntu; Linux x86_64; rv:66.0) Gecko/20100101 Firefox/66.0'),
('ff51bfff-63b4-3349-6ad7-7a7f22d7152d',	21,	1,	1,	'2019-04-23 22:11:33',	'127.0.0.1',	'Mozilla/5.0 (X11; Ubuntu; Linux x86_64; rv:66.0) Gecko/20100101 Firefox/66.0'),
('3f264b7f-cbcc-8615-4d1e-b40b4bce20e1',	22,	1,	1,	'2019-04-23 22:21:13',	'127.0.0.1',	'Mozilla/5.0 (X11; Ubuntu; Linux x86_64; rv:66.0) Gecko/20100101 Firefox/66.0'),
('b96ea6cd-ce7a-e180-12b2-be00f0efc7a4',	24,	1,	1,	'2019-04-23 22:22:10',	'127.0.0.1',	'Mozilla/5.0 (X11; Ubuntu; Linux x86_64; rv:66.0) Gecko/20100101 Firefox/66.0'),
('ae3a70f2-634b-e8cd-108f-b888fbb8b085',	25,	1,	1,	'2019-04-24 00:03:06',	'127.0.0.1',	'Mozilla/5.0 (X11; Ubuntu; Linux x86_64; rv:66.0) Gecko/20100101 Firefox/66.0');

DROP TABLE IF EXISTS `QuestionariosPerguntas`;
CREATE TABLE `QuestionariosPerguntas` (
  `uuid` char(36) NOT NULL,
  `Id` bigint(20) NOT NULL AUTO_INCREMENT,
  `QuestionariosId` bigint(20) NOT NULL,
  `Titulo` varchar(255) DEFAULT NULL,
  `Texto` longtext,
  `Ordem` int(11) DEFAULT '0',
  `Agrupamento` varchar(50) DEFAULT NULL,
  PRIMARY KEY (`Id`),
  KEY `ConteudosId` (`QuestionariosId`)
) ENGINE=InnoDB AUTO_INCREMENT=106 DEFAULT CHARSET=latin1;

INSERT INTO `QuestionariosPerguntas` (`uuid`, `Id`, `QuestionariosId`, `Titulo`, `Texto`, `Ordem`, `Agrupamento`) VALUES
('e4476080-77c0-fdf5-b9a5-4bc23d545623',	1,	1,	'Você tem respeito e carinho por você e pelo que possui',	'',	1,	'1'),
('a42dda63-bc3a-1cb3-70b5-df71a845ea53',	2,	1,	'A compaixão está presente nas suas relações e decisões',	'',	2,	'1'),
('282fd344-5cc3-e8ea-9090-f77090ad1ba7',	3,	1,	'Você sente entusiasmo e alegria nas atividades que executa',	'',	3,	'1'),
('e9533b2a-d407-ab02-d11e-7342ded775ae',	4,	1,	'O altruísmo faz parte da sua forma de ser ',	'',	4,	'1'),
('15114222-5364-47bd-e272-98fe3415c611',	5,	1,	'O auto perdão e o perdão aos outros é uma prática na sua vida',	'',	5,	'1'),
('3de7e722-88a9-c469-01d5-ab33062762a8',	6,	1,	'Você tem uma clara definição dos seus  Valores.',	'',	6,	'2'),
('e67c5954-bca7-7923-22b9-13fda608dc5f',	7,	1,	'Você tem uma clara, compreensiva e motivadora definição do seu  Propósito.',	'',	7,	'2'),
('2e1284e3-c272-5fa7-78f8-4f01f4365a89',	8,	1,	'Sua visão de futuro inspira pessoas ',	'',	8,	'2'),
('0ce1b084-c1a8-d4d9-6725-706f1003906a',	9,	1,	'As suas  decisões e ações tomadas levam em conta o impacto nas outras pessoas e  na sociedade  ',	'',	9,	'2'),
('3b741a4a-bcdf-394a-f81c-fa833091f54a',	10,	1,	'A intuição é relevante nos seus processos decisórios',	'',	10,	'2'),
('c1da194a-fddb-a46a-1a10-c5699ac80337',	11,	1,	'A ampliação da sua consciência é uma busca constante',	'',	11,	'3'),
('5b76da7e-5acf-a8f7-e969-0d71dc769726',	12,	1,	'As suas atividades do dia a dia são atreladas a sua a Visão de Futuro',	'',	12,	'3'),
('aaf7570b-a303-4a5f-4f5e-21f4d9da7a4f',	13,	1,	'Os seus comportamentos são congruentes aos seus Valores.',	'',	13,	'3'),
('ad527082-6893-5b5e-0ecb-04751261924f',	14,	1,	'Você utilizada seu propósito como guia das decisões e ações com foco no seu futuro.',	'',	14,	'3'),
('d2ebd7b4-3e0e-8ec1-85a3-0ad0fef08b21',	15,	1,	'A gratidão é parte constante da sua vida.',	'',	15,	'3'),
('05c3a8c9-4f60-33f3-97e4-7bfc6dd9ab17',	16,	1,	'O sentimento generalizado de respeito mútuo e confiança tem se estendido a todos com quem você se relaciona.',	'',	16,	'4'),
('634d6124-4703-64a5-14f6-54e9d5662b7f',	17,	1,	'A comunicação e o “feed-back” com seus pares são considerados importantes nas suas decisões e definições.  ',	'',	17,	'4'),
('63c7bcd5-8b5b-2973-9c3e-7ecac2918c70',	18,	1,	'Você busca a empatia em todos os seus relacionamentos.',	'',	17,	'4'),
('015b39df-bfcf-e1cb-79cc-ce4310fec9f7',	19,	1,	'Cocriação é parte do seu processo de inovação',	'',	19,	'4'),
('dd1d6329-0c11-1a26-0b46-c31daefaaf61',	20,	1,	'A Interação com pessoas de diferentes pontos de vista, raça, religião, credo, nacionalidade, opção sexual, nível social e educacional favorecem o seu desenvolvimento',	'',	20,	'4'),
('be173e4f-e5b6-d73b-ee6e-5f214fd2e5e3',	21,	1,	'Em seus relacionamentos, você deixa espaço suficiente para que a outra pessoa possa trair a sua confiança.',	'',	21,	'5'),
('ac219cf3-f1bf-bcd4-ff2a-9464fe6ec1e0',	22,	1,	'Você se utiliza de algum mecanismos para identificar sua performance, acertos e erros.',	'',	22,	'5'),
('7d3e6001-4691-0f18-2d40-d21d36dfaa4e',	23,	1,	'As desculpas não fazem parte do que você deseja fazer',	'',	23,	'5'),
('91e441ea-6a15-b65a-efbe-e9d2232f9145',	24,	1,	'Compromisso assumido  é compromisso cumprido',	'',	24,	'5'),
('14fe92d9-2e27-3bd2-c462-c754e9933c8f',	25,	1,	'Aprendizagem é considerada por você como aquisição de conhecimento, fortalecimento de competências e transformação na forma de ser.',	'',	25,	'5'),
('35a48a83-3a03-da9a-4677-fb5c9d61f1b7',	26,	1,	'Você é reconhecido por buscar sempre novas soluções, novas ações',	'',	26,	'6'),
('6da82705-c9d8-a725-78a3-85faa2afc05f',	27,	1,	'Você aceita os riscos nas suas atitudes e tem um senso de que \\\"tudo é possível\\\" ',	'',	27,	'6'),
('4406349e-e162-251c-85f3-b5ec483109e0',	28,	1,	'Você considera uma boa dose de comportamento aleatório nas suas ações.',	'',	28,	'6'),
('57d8b1b8-8fbf-bddf-3f99-321a2641d07e',	29,	1,	'Criatividade e prazer são fatores importantes nas suas decisões ',	'',	29,	'6'),
('68d77e11-c1ec-2a75-d20a-90562505a990',	30,	1,	'Nas suas decisões você trabalha para fortalecer sua coragem frente ao medo',	'',	30,	'6'),
('36d272bc-f620-722b-159e-3d7e013f715d',	31,	1,	'Você possui uma vida boa e feliz',	'',	31,	'7'),
('c84a2e6c-69d9-69f4-8fb3-37358549a278',	32,	1,	'Você se considera uma pessoa próspera ',	'',	32,	'7'),
('48732980-acfa-12c8-c28f-d918cdb1ca42',	33,	1,	'Você corrige as atividades que não obtiveram sucesso e celebra as conquistas alcançadas',	'',	33,	'7'),
('551dc920-5290-b44c-7d48-818eae9fe8a1',	34,	1,	'Você possui uma vida saudável ',	'',	34,	'7'),
('f3c5cdbb-4999-4598-1ee5-204087b54d0b',	35,	1,	'Os seus resultados financeiros refletem os esforços empenhados e lhe dão segurança',	'',	35,	'7'),
('117fa36a-54e4-11e9-9cb4-5cc9d35306d9',	36,	2,	'O cuidado na elaboração de tarefas e de produtos é presente em todos.',	NULL,	1,	'1'),
('117fa590-54e4-11e9-9cb4-5cc9d35306d9',	37,	2,	'Existe um grande entusiasmo e alegria em todos os profissionais referente às atividades que executam.',	NULL,	2,	'1'),
('117fa64e-54e4-11e9-9cb4-5cc9d35306d9',	38,	2,	'Respeito e carinho é algo comum com todos com quem a organização se relaciona.',	NULL,	3,	'1'),
('117fa6dd-54e4-11e9-9cb4-5cc9d35306d9',	39,	2,	'Acreditar que algo melhor pode ser feito é algo presente em todos na organização.',	NULL,	4,	'1'),
('117fa763-54e4-11e9-9cb4-5cc9d35306d9',	40,	2,	'Todas as atividades realizadas levam em consideração o impacto em todos os stakeholders',	NULL,	5,	'1'),
('117fa7ed-54e4-11e9-9cb4-5cc9d35306d9',	41,	2,	'Existe uma clara, compreensiva e motivadora definição dos Valores da organização.',	NULL,	6,	'2'),
('117fa86d-54e4-11e9-9cb4-5cc9d35306d9',	42,	2,	'A intuição e a análise de tendências e oportunidades são consideradas na definição da estratégia.',	NULL,	7,	'2'),
('117fa8ec-54e4-11e9-9cb4-5cc9d35306d9',	43,	2,	'Existe uma clara e motivadora Visão de Futuro',	NULL,	8,	'2'),
('117fa969-54e4-11e9-9cb4-5cc9d35306d9',	44,	2,	'Os produtos e serviços oferecidos são relevantes para o mercado e destacam-se positivamente frente aos oferecidos pelos concorrentes.',	NULL,	9,	'2'),
('117faa36-54e4-11e9-9cb4-5cc9d35306d9',	45,	2,	'Existe uma clara, compreensiva e motivadora definição do Propósito da organização.',	NULL,	10,	'2'),
('117faac6-54e4-11e9-9cb4-5cc9d35306d9',	46,	2,	'A cultura da organização possibilita o desenvolvimento do  autoconhecimento pessoal e organizacional',	NULL,	11,	'3'),
('117fab89-54e4-11e9-9cb4-5cc9d35306d9',	47,	2,	'Os comportamentos de todos profissionais são baseados nos valores e no propósito da organização. ',	NULL,	12,	'3'),
('117fac96-54e4-11e9-9cb4-5cc9d35306d9',	48,	2,	'Os produtos oferecidos ao mercado são alhinhados aos nossos valores e ao nosso propósito.',	NULL,	13,	'3'),
('117fad18-54e4-11e9-9cb4-5cc9d35306d9',	49,	2,	'Os objetivos estratégicos são alinhados à Visão de Futuro Visão de Futuro é a inspiração para as ações do dia a dia.',	NULL,	14,	'3'),
('117fad9b-54e4-11e9-9cb4-5cc9d35306d9',	50,	2,	'O design, a estética e a beleza estão incorporadas á cultura organizacional',	NULL,	15,	'3'),
('117fae28-54e4-11e9-9cb4-5cc9d35306d9',	51,	2,	'As ferramentas tecnológicas de interação entre pessoas são usadas por todos profissionais da organização para fomentar relações harmoniosas.',	NULL,	16,	'4'),
('117faea6-54e4-11e9-9cb4-5cc9d35306d9',	52,	2,	'O diálogo interno e com clientes, e demais stakeholders é praticado por todos como forma de fortalecer os relacionamentos e a aprendizagem.',	NULL,	17,	'4'),
('117faf94-54e4-11e9-9cb4-5cc9d35306d9',	53,	2,	'A confiança é comum a todos na organização e existe espaço suficiente para que a outra pessoa possa trair esta confiança.',	NULL,	18,	'4'),
('117fb020-54e4-11e9-9cb4-5cc9d35306d9',	54,	2,	'Todos na organização acreditam que a interação com a diversidade de raça, religião, credo, opção sexual, nível social e educacional é um ganho para a Organização.',	NULL,	19,	'4'),
('117fb0d5-54e4-11e9-9cb4-5cc9d35306d9',	55,	2,	'Os funcionários têm autonomia em suas relações e respeito à autonomia dos outros',	NULL,	20,	'4'),
('117fb1bc-54e4-11e9-9cb4-5cc9d35306d9',	56,	2,	'A estrutura organizacional possibilita que o conhecimento do funcionário seja incorporado as decisões estratégicas.',	NULL,	21,	'5'),
('117fb2aa-54e4-11e9-9cb4-5cc9d35306d9',	57,	2,	'As métricas organizacionais levam em consideração os comportamentos relacionados aos valores e ao propósito da organização  e a eficácia e eficiência dos resultados desejados.',	NULL,	22,	'5'),
('117fb4e0-54e4-11e9-9cb4-5cc9d35306d9',	58,	2,	'Todos possuem disciplina e responsabilidade nas execuções de suas atividades ',	NULL,	23,	'5'),
('117fb5c0-54e4-11e9-9cb4-5cc9d35306d9',	59,	2,	'O programa de desenvolvimento de habilidades dos funcionários e os sistemas internos estão  atrelados aos valores, ao propósito e a Visão de futuro da organização',	NULL,	24,	'5'),
('117fb69b-54e4-11e9-9cb4-5cc9d35306d9',	60,	2,	'Existe uma grande agilidade nos processos que permite responder rapidamente às oportunidades e desafios do negócio',	NULL,	25,	'5'),
('117fb760-54e4-11e9-9cb4-5cc9d35306d9',	61,	2,	'A organização é reconhecia no seu mercado por desenvolver produtos e processos inovadores',	NULL,	26,	'6'),
('117fb823-54e4-11e9-9cb4-5cc9d35306d9',	62,	2,	'As atividades são desenvolvidas por equipes de trabalho autônomas que possuem autoridade para empreender, integrar pessoas, produzir soluções e administrar resultados. ',	NULL,	27,	'6'),
('117fb8e1-54e4-11e9-9cb4-5cc9d35306d9',	63,	2,	'Todos os profissionais são incentivados a tomarem decisões tendo como base os valores, no propósito e na visão de futuro da Organização',	NULL,	28,	'6'),
('117fb99f-54e4-11e9-9cb4-5cc9d35306d9',	64,	2,	'Desenvolver produtos e processos disruptivos são consideradas atitudes positivas na Organização  ',	NULL,	29,	'6'),
('117fba61-54e4-11e9-9cb4-5cc9d35306d9',	65,	2,	'Todos sentem que podem criar uma Organização competitiva para o futuro e não são herdeiros do passado.',	NULL,	30,	'6'),
('117fbb22-54e4-11e9-9cb4-5cc9d35306d9',	66,	2,	'Existe um equilíbrio entre eficiência e produtividade com satisfação e desenvolvimento dos funcionários. ',	NULL,	31,	'7'),
('117fbbe2-54e4-11e9-9cb4-5cc9d35306d9',	67,	2,	'Funcionários, clientes, fornecedores e diversas outras entidades tem uma clara e positiva percepção de valor nos produtos e serviços oferecidos pela organização',	NULL,	32,	'7'),
('117fbca0-54e4-11e9-9cb4-5cc9d35306d9',	68,	2,	'A celebração é parte das conquistas alcançadas, assim como a correção de atos falhos.',	NULL,	33,	'7'),
('117fbd66-54e4-11e9-9cb4-5cc9d35306d9',	69,	2,	'A prosperidade e a perenidade são a consequência das atividades atreladas ao propósito e valores da organização',	NULL,	34,	'7'),
('117fbe28-54e4-11e9-9cb4-5cc9d35306d9',	70,	2,	'Os resultados financeiros são suficientes e satisfatórios para que haja evolução da Organização.',	NULL,	35,	'7'),
('858c08ce-54e5-11e9-9cb4-5cc9d35306d9',	71,	3,	'A compaixão e o perdão são comportamentos presentes nos membros da Família Empresária',	NULL,	1,	'1'),
('858c0d34-54e5-11e9-9cb4-5cc9d35306d9',	72,	3,	'Existe um grande entusiasmo e alegria em todos os familiares  referente às organizar em que são acionistas.',	NULL,	2,	'1'),
('858c0f1c-54e5-11e9-9cb4-5cc9d35306d9',	73,	3,	'Respeito e carinho é algo comum entre os membros da Família e para com os gestores dos seus negócios.',	NULL,	3,	'1'),
('858c10ac-54e5-11e9-9cb4-5cc9d35306d9',	74,	3,	'Acreditar que algo melhor pode ser feito é algo presente em todos na Família.',	NULL,	4,	'1'),
('858c1214-54e5-11e9-9cb4-5cc9d35306d9',	75,	3,	'Todas as atividades realizadas pelos membros da Família levam em consideração o impacto nos negócios e na comunidade que está inserida.',	NULL,	5,	'1'),
('858c1382-54e5-11e9-9cb4-5cc9d35306d9',	76,	3,	'Existe uma clara, compreensiva e motivadora definição dos Valores da Família e são alinhados a seus negócios.',	NULL,	6,	'2'),
('858c14e4-54e5-11e9-9cb4-5cc9d35306d9',	77,	3,	'A intuição e a análise de tendências e oportunidades são consideradas na definição dos negócios em que a Família participa.',	NULL,	7,	'2'),
('858c1643-54e5-11e9-9cb4-5cc9d35306d9',	78,	3,	'Existe uma clara e motivadora Visão de Futuro da Família Empresarial.',	NULL,	8,	'2'),
('858c17a6-54e5-11e9-9cb4-5cc9d35306d9',	79,	3,	'Os negócios em que participam são relevantes para o mercado e destacam-se positivamente frente aos oferecidos pelos concorrentes.',	NULL,	9,	'2'),
('858c1907-54e5-11e9-9cb4-5cc9d35306d9',	80,	3,	'Existe uma clara, compreensiva e motivadora definição do Propósito da Família Empresarial.',	NULL,	10,	'2'),
('858c1a6e-54e5-11e9-9cb4-5cc9d35306d9',	81,	3,	'Existem procedimentos que fomentam o desenvolvimento do autoconhecimento dos membros da Família Empresarial.',	NULL,	11,	'3'),
('858c1bd4-54e5-11e9-9cb4-5cc9d35306d9',	82,	3,	'Os comportamentos de todos os membros da Família são baseados nos valores e no propósito da Família Empresarial.',	NULL,	12,	'3'),
('858c1dfa-54e5-11e9-9cb4-5cc9d35306d9',	83,	3,	'Os negócios da Família são alinhados aos valores e ao propósito da Família Empresarial.',	NULL,	13,	'3'),
('858c1f91-54e5-11e9-9cb4-5cc9d35306d9',	84,	3,	'Os objetivos estratégicos da Família Empresarial são alinhados à Visão de Futuro Visão de Futuro e é a inspiração para as ações do dia a dia.',	NULL,	14,	'3'),
('858c2117-54e5-11e9-9cb4-5cc9d35306d9',	85,	3,	'O design, a estética e a beleza estão incorporadas á cultura da Família Empresarial.',	NULL,	15,	'3'),
('858c2298-54e5-11e9-9cb4-5cc9d35306d9',	86,	3,	'As ferramentas tecnológicas de interação entre pessoas são usadas por todos os membros da Família Empresarial para fomentar relações harmoniosas.',	NULL,	16,	'4'),
('858c24ff-54e5-11e9-9cb4-5cc9d35306d9',	87,	3,	'O diálogo interno e com demais stakeholders é praticado por todos como forma de fortalecer os relacionamentos e a aprendizagem.',	NULL,	17,	'4'),
('858c267b-54e5-11e9-9cb4-5cc9d35306d9',	88,	3,	'A confiança é comum a todos os membros da Família Empresarial e existe espaço suficiente para que a outra pessoa possa trair esta confiança.',	NULL,	18,	'4'),
('858c2800-54e5-11e9-9cb4-5cc9d35306d9',	89,	3,	'Os membros da Família Empresarial acreditam que a interação com a diversidade de raça, religião, credo, opção sexual, nível social e educacional é um ganho para a Família Empresarial.',	NULL,	19,	'4'),
('858c2990-54e5-11e9-9cb4-5cc9d35306d9',	90,	3,	'Os membros da Família têm autonomia em suas relações e respeito à autonomia dos outros',	NULL,	20,	'4'),
('858c2b24-54e5-11e9-9cb4-5cc9d35306d9',	91,	3,	'A estrutura da Família Empresarial possibilita que o conhecimento dos seus membros sejam consideradas nas decisões estratégicas.',	NULL,	21,	'5'),
('858c2cb5-54e5-11e9-9cb4-5cc9d35306d9',	92,	3,	'As métricas da Família Empresarial levam em consideração os comportamentos relacionados aos valores e ao propósito da Família e a eficácia e eficiência dos resultados desejados.',	NULL,	22,	'5'),
('858c2f53-54e5-11e9-9cb4-5cc9d35306d9',	93,	3,	'Todos possuem disciplina e responsabilidade nas execuções de suas atividades e no relacionamento com a comunidade. ',	NULL,	23,	'5'),
('858c31fa-54e5-11e9-9cb4-5cc9d35306d9',	94,	3,	'O programa de desenvolvimento de habilidades dos dos membros da Família estão  atrelados aos valores, ao propósito e a Visão de futuro da Família Empresarial.',	NULL,	24,	'5'),
('858c344f-54e5-11e9-9cb4-5cc9d35306d9',	95,	3,	'Existe uma grande agilidade nos processos que permite responder rapidamente às oportunidades e desafios doa Família Empresária.',	NULL,	25,	'5'),
('858c38f8-54e5-11e9-9cb4-5cc9d35306d9',	96,	3,	'A Família Empresária é reconhecia no seu mercado por ter participação em investimentos inovadores',	NULL,	26,	'6'),
('858c3b73-54e5-11e9-9cb4-5cc9d35306d9',	97,	3,	'Os núcleos familiares são autônomos e possuem autoridade para empreender, integrar pessoas, produzir soluções e administrar resultados. ',	NULL,	27,	'6'),
('858c3db4-54e5-11e9-9cb4-5cc9d35306d9',	98,	3,	'Todos os membros da Família são incentivados a tomarem suas decisões tendo como base os valores, o propósito e a visão de futuro da Família Empresarial.',	NULL,	28,	'6'),
('858c3ff7-54e5-11e9-9cb4-5cc9d35306d9',	99,	3,	'Desenvolver negócios disruptivos são consideradas atitudes positivas na Família Empresarial  ',	NULL,	29,	'6'),
('858c4233-54e5-11e9-9cb4-5cc9d35306d9',	100,	3,	'Todos sentem que podem criar uma Família Empresarial competitiva para o futuro e não são herdeiros do passado.',	NULL,	30,	'6'),
('858c4470-54e5-11e9-9cb4-5cc9d35306d9',	101,	3,	'A estrutura dos núcleos familiares favorece o relacionamento entre todos os membros da Família Empresarial ',	NULL,	31,	'7'),
('858c46b5-54e5-11e9-9cb4-5cc9d35306d9',	102,	3,	'Funcionários, clientes, fornecedores e diversas outras entidades tem uma clara e positiva percepção de valor nos produtos e serviços oferecidos pelos investimentos da Família Empresarial.',	NULL,	32,	'7'),
('858c48f9-54e5-11e9-9cb4-5cc9d35306d9',	103,	3,	'A celebração é parte das conquistas alcançadas, assim como a correção de atos falhos.',	NULL,	33,	'7'),
('858c4b4c-54e5-11e9-9cb4-5cc9d35306d9',	104,	3,	'A prosperidade e a perenidade são a consequência das atividades atreladas ao propósito e valores da Família Empresarial ',	NULL,	34,	'7'),
('858c4d9e-54e5-11e9-9cb4-5cc9d35306d9',	105,	3,	'Os resultados financeiros são suficientes e satisfatórios para que haja evolução da Família Empresarial.',	NULL,	35,	'7');

DROP TABLE IF EXISTS `QuestionariosRespostas`;
CREATE TABLE `QuestionariosRespostas` (
  `uuid` char(36) NOT NULL,
  `Id` bigint(20) NOT NULL AUTO_INCREMENT,
  `QuestionariosIndiceId` bigint(20) NOT NULL,
  `QuestionariosPerguntasId` bigint(20) NOT NULL,
  `Valor` bigint(20) NOT NULL,
  PRIMARY KEY (`Id`),
  KEY `QuestionariosPerguntasId` (`QuestionariosPerguntasId`)
) ENGINE=InnoDB AUTO_INCREMENT=189 DEFAULT CHARSET=latin1;

INSERT INTO `QuestionariosRespostas` (`uuid`, `Id`, `QuestionariosIndiceId`, `QuestionariosPerguntasId`, `Valor`) VALUES
('0dada45a-646e-11e9-aa41-5cc9d35306d9',	1,	6,	1,	5),
('39659032-646e-11e9-aa41-5cc9d35306d9',	2,	6,	2,	6),
('45b571d3-d1a8-cb5c-f244-eedded2963b2',	7,	6,	3,	6),
('196609fd-a3ce-1205-0af0-b77d157c4cb9',	8,	6,	4,	4),
('abea60b3-0435-0741-9a72-a7f6594da214',	9,	6,	5,	6),
('58d26276-2993-e600-b336-52cc47c3dbc2',	10,	6,	6,	5),
('f284b37d-fc6f-9b5b-021c-e71029280956',	11,	6,	7,	5),
('f08c5d59-163c-1cb7-0935-93b4a3c74d37',	12,	6,	8,	10),
('60702376-21a7-3668-31da-7a4021928619',	13,	6,	9,	1),
('c0691675-0380-8337-3500-a5caa2ebfa71',	14,	6,	10,	6),
('d9012451-85dc-620a-8e10-8ec962a52f04',	15,	6,	11,	5),
('8440dee5-f8b5-59b8-2057-789cb51b76a0',	16,	6,	12,	4),
('bc565651-b9ef-5d41-dd55-d02afe7f3079',	17,	6,	13,	5),
('2638601f-6913-c089-0d07-0b98dc5bbc90',	18,	6,	14,	5),
('66f86be0-eb67-acdf-300a-645c3edd098a',	19,	6,	15,	9),
('80a208a2-b853-2ae0-eeb7-15adb14dc3e1',	20,	6,	16,	8),
('7640d5f9-f90e-3398-0907-2ee7777961a4',	21,	6,	17,	3),
('a6d6d981-19a0-4bba-8ba0-98c0115d947c',	22,	6,	18,	4),
('cd84f252-aae6-4a76-b932-b0f078b92ef3',	23,	6,	19,	5),
('2c139cc5-0be2-bdcc-45ae-bfb0b85e2343',	24,	6,	20,	2),
('5753ebe4-dbdb-332a-5f92-a18f36fc9f61',	25,	6,	21,	2),
('3cf308a3-1062-bf63-66eb-7fd5b7c3c27e',	26,	6,	22,	2),
('b7275c52-5d14-00e4-2707-b265c8bd16fc',	27,	6,	23,	6),
('0e3f8ad8-2987-8296-7d8c-129298e78029',	28,	6,	24,	5),
('78743f7e-e7d6-9aca-3c82-422ce5622f5f',	29,	6,	25,	4),
('83385b18-e6c2-d841-539c-0391b73d9f0d',	30,	6,	26,	7),
('f308fd0f-2bd2-6c8a-c5a9-655e46e8ee5f',	31,	6,	27,	4),
('c0bad501-e292-86a5-b9cf-09bca401ac3c',	32,	6,	28,	5),
('ece0b5e9-2042-1ae9-3daf-392e0b7b3226',	33,	6,	29,	5),
('903820f1-c214-e87a-68da-41e2af53703d',	34,	6,	31,	4),
('773f02eb-f51e-0906-1ef6-2add5b417b23',	35,	6,	30,	4),
('eb3c60c3-1b47-a256-45c2-15dd877531b2',	36,	6,	32,	6),
('b158894e-eea1-17ec-5ddf-acdaf9e49dea',	37,	6,	33,	6),
('fb4c5cbc-e74f-9000-7051-c79eb3be59c0',	38,	6,	34,	4),
('b1a792ee-d324-0dc4-e149-9c6408a6eb4d',	39,	6,	35,	5),
('fd9db370-5bf4-3177-a8c4-5e05a9822592',	40,	7,	1,	5),
('d151810b-9028-d4bf-64b5-06dc1a147161',	41,	7,	2,	6),
('51dc1c3c-a7a5-b811-c238-2ee52cd72cc3',	42,	7,	3,	5),
('728e4e6a-208e-a121-1e2e-99861d381781',	43,	7,	4,	4),
('09d5c178-c575-9036-825a-1b7c01af35d6',	44,	7,	5,	4),
('1b1323c9-c123-3285-bd83-d4b0884c931a',	45,	7,	6,	5),
('516c2c20-93d8-941d-61c8-00aa5000bf6a',	46,	7,	7,	6),
('2de4208e-227a-f194-5a10-8de7ba53c12a',	47,	7,	8,	6),
('9e7c1e72-8260-bf33-4b00-db1a6f1d2e4d',	48,	8,	1,	5),
('a2197335-c59a-b7a1-0f78-7227c504f710',	49,	8,	2,	4),
('375d87ef-52ab-aef8-0099-cd4215b9c0d5',	50,	8,	3,	5),
('4350e8c1-3455-024e-438e-3ee58d693004',	51,	8,	4,	5),
('6841ab73-7b3d-66f2-7105-babcb03cad70',	52,	8,	5,	5),
('a7c0777b-7e15-3ab4-25c7-fa6b824e3a88',	53,	8,	6,	5),
('4cabc15d-6575-756b-0fe6-fb3db6f18d11',	54,	8,	7,	5),
('c5976c58-1f1b-7d4a-8dfd-75b8f122fdd9',	55,	8,	8,	5),
('609d56e4-c950-b70a-58a7-01288ab69146',	56,	8,	9,	6),
('1e9e3304-715a-181d-3686-61cfb0af9533',	57,	8,	10,	4),
('8b1c8697-7658-6cda-d98a-8cc0950716c0',	58,	8,	11,	4),
('fe74a2b1-400a-5b7b-d1e2-25c73f0c8f29',	59,	8,	12,	6),
('68405ec1-46c9-67bb-242c-03722dec808f',	60,	8,	13,	6),
('f9d8b7f9-9109-a8d8-761c-2be98d81c404',	61,	8,	14,	4),
('73e5b07e-a31e-1f83-f22c-f6c8627eda98',	62,	8,	15,	6),
('20095e8e-ff9a-681e-2209-7b5d52eeaf5f',	63,	8,	16,	4),
('cac8841c-7e8b-6c31-859d-4f8a07091044',	64,	8,	17,	4),
('5bdb613c-e43b-7700-84ae-cce1b2112bf0',	65,	8,	18,	6),
('e980d555-501f-6738-76cf-6f474ef64275',	66,	8,	19,	6),
('993884be-2a57-351c-3f49-5244b25f4d7e',	67,	8,	20,	5),
('3abc2aa2-7fd2-9c7a-4963-21552fb0c1d6',	68,	8,	21,	5),
('ad741595-ad2a-b519-0cdb-0c815b0f7f85',	69,	8,	22,	5),
('e2d9a735-624a-8b76-22e4-fd7751908734',	70,	8,	23,	6),
('f1d5a83f-2a71-dad7-0ceb-d3001d6d24c6',	71,	8,	24,	4),
('6caad06f-0244-5b86-f42c-9432bdcf0dd2',	72,	8,	25,	5),
('5b33cca4-3deb-96b4-ba2b-fe0c0ad63ca7',	73,	8,	26,	6),
('0cb7f183-ce5a-b6f5-d836-445701e0d4eb',	74,	8,	27,	5),
('60ba9a7a-fb6b-d0c7-d117-e999382b1ee9',	75,	8,	28,	4),
('e3568253-59de-1942-5680-c658667c5a07',	76,	8,	29,	4),
('57ba9c49-2446-4824-c1dd-2783556c36eb',	77,	8,	30,	6),
('a341041f-7319-2d91-597c-768a15c0789b',	78,	8,	31,	5),
('1bbf5636-fcff-4d09-b22e-71946bcfe3ec',	79,	8,	32,	4),
('c431d1f6-0428-11f3-0c4b-83b58c66c532',	80,	8,	33,	5),
('323eba5a-b53c-2bf3-1868-24a0533e8645',	81,	8,	34,	6),
('a2b3b20a-833c-527c-dfa0-ba4ca2ce7e50',	82,	8,	35,	6),
('5cc36983-6854-bb65-f480-fc11978668f1',	83,	20,	71,	1),
('591a18d2-4934-42c0-86ec-a471d5275228',	84,	20,	72,	4),
('97e80abc-e6a2-883a-4d87-bef8b198381a',	85,	20,	73,	4),
('2ea99d66-688a-00a3-dcda-3b1388623436',	86,	20,	74,	3),
('cfac1fd7-aa1f-b368-11ec-ce50aa42b663',	87,	20,	75,	4),
('6cd34f75-5348-f820-76f7-0162f7f02116',	88,	20,	76,	5),
('6cdc50c6-d5c0-c47c-5dfe-0a21affd376f',	89,	20,	77,	5),
('d68c30d9-e679-51f3-ff39-dfa2f06dd520',	90,	20,	78,	5),
('46db92aa-67f0-8e28-31e9-53a3691057aa',	91,	20,	79,	4),
('4de16972-c5d1-98db-d1bb-99a1e8dd1a2c',	92,	20,	80,	5),
('1206ff6e-9771-60e9-e7b6-f4bf2cf42429',	93,	20,	81,	5),
('d35fc35f-527d-2a7f-d739-b2103b7a18f5',	94,	20,	82,	4),
('7f097492-6e52-0c35-d973-7e31fd44665d',	95,	20,	83,	4),
('0ea8a8a0-bf4d-af0d-8006-be21e5f5e496',	96,	20,	84,	6),
('4d2b64e7-2d40-6616-15ab-b61e29713f8b',	97,	20,	85,	4),
('07a97259-9c33-374f-c070-d43bf34c2d1c',	98,	20,	86,	4),
('fa76cf96-6c50-f63f-d630-da5bb069aade',	99,	20,	87,	4),
('61705593-6608-c17a-aca4-250fdfa75b17',	100,	20,	88,	4),
('b59f60f6-17d9-47d3-5ac9-13d7941413ee',	101,	20,	89,	5),
('e9429a4d-1f34-0acd-5050-c006ffab1163',	102,	20,	90,	4),
('a6d55e91-c224-a821-3265-bccc6b6d29ba',	103,	20,	91,	4),
('1e785ba5-aeb2-fd34-4c36-d5fcb5d51503',	104,	20,	92,	6),
('55e03b9d-a11d-010c-88e1-742a23faa995',	105,	20,	93,	4),
('78367469-13a3-697c-f462-7be45c819b21',	106,	20,	94,	4),
('e018d139-1407-9439-6e4d-4f158e076437',	107,	20,	95,	5),
('e0b51d8b-0093-491d-32d9-0636ca070661',	108,	20,	96,	5),
('ac454f62-7771-b561-4c4b-d0a094638d53',	109,	20,	97,	3),
('7fa579e3-88ad-5933-3016-e87d2c356e60',	110,	20,	98,	4),
('4096fa65-9b6e-2e72-86c6-2c151d819ff4',	111,	20,	99,	4),
('c0429392-9cb4-6239-10a9-e718e912ea6a',	112,	20,	100,	5),
('b73e3e36-637e-6813-a517-d56f6fca1aad',	113,	20,	101,	7),
('d1eaa07a-7f93-1af4-70ed-f9ead1478e11',	114,	20,	102,	7),
('bd0ce61a-aec0-2c0f-8100-269942c9d55a',	115,	20,	103,	7),
('4c5768ad-666a-9953-37d2-387668d1eb56',	116,	20,	104,	7),
('b5fc3fae-7ec7-dc74-1eac-b5d3aea672ec',	117,	20,	105,	8),
('9f57be85-c1b9-9d97-130f-1815c1976948',	118,	24,	1,	5),
('bd27e013-87b1-b27d-06df-720c5c12ca81',	119,	24,	2,	6),
('3e6247b5-8659-6930-9877-8306041d2cf6',	120,	24,	3,	5),
('a73cfcf3-0bc2-6ca0-680f-029fb02629db',	121,	24,	35,	10),
('b70b8deb-2346-9f4a-2f92-17761ebb6de5',	122,	24,	34,	10),
('03102bdf-06a7-d0d5-5331-a13dd80e3f09',	123,	24,	33,	10),
('ed577561-c86a-92f4-1e71-129ea422a264',	124,	24,	32,	10),
('2b5179bc-af71-4ca8-448f-c829cc4f15e8',	125,	24,	31,	10),
('08e96ed0-7dca-9992-7ad5-f18d8947dd3e',	126,	24,	30,	10),
('7c8f3274-336c-2d8b-bd85-2d22afc34fe1',	127,	24,	29,	5),
('b9667633-e70c-8f6a-b95d-d8f4e8c14605',	128,	24,	28,	5),
('6960b5d5-f7ba-8d78-c7d8-462a337f8bf1',	129,	24,	27,	5),
('35bac2da-b9c2-bbfc-a15e-eba0c973cb6b',	130,	24,	26,	5),
('01d32381-abc3-c244-1e67-eff14866ff26',	131,	24,	25,	5),
('55e591bc-b06e-2ef7-f01d-47daa8ec0a0a',	132,	24,	24,	5),
('71913610-7b71-6350-7b22-05fa3906385a',	133,	24,	22,	3),
('58e1cd28-aa39-4545-b3e8-52f808f1bdf1',	134,	24,	23,	3),
('b0ca3851-d15c-58bf-edff-e9d4a4c56ce7',	135,	24,	20,	3),
('8deecae1-4a4e-96a6-e3a3-5a4cfcf301b2',	136,	24,	21,	3),
('7b237a66-39b4-6f93-e3c2-7b6ffb8415a3',	137,	24,	18,	3),
('84ff4469-1e2b-85c8-4dd6-5f7f0981778f',	138,	24,	17,	3),
('3ab463bc-204c-4b7b-bfaa-9e5bd26a98df',	139,	24,	19,	3),
('f8760b4b-d7b9-8c75-08d6-4b61de38d36b',	140,	24,	16,	3),
('8a54f00f-129f-cfd2-57b0-e7bf290fbdea',	141,	24,	15,	3),
('3f9c8d19-ace5-6ca3-869a-a4d808b83aa1',	142,	24,	14,	3),
('d49e84f1-eaf2-9307-e0f4-b273eb9e07c9',	143,	24,	13,	3),
('d2c8e160-9ff1-d3be-24f5-518ccf0c7683',	144,	24,	12,	5),
('11b45344-1f16-d3ca-8fb5-543427e2980c',	145,	24,	11,	5),
('5666f9e8-0330-e21a-c4bd-dbf4300cb919',	146,	24,	10,	5),
('fa169743-caf5-894f-806f-541d9bb9baa4',	147,	24,	9,	5),
('d2a0071a-f6ec-843c-12b9-9c741ef5c8f7',	148,	24,	7,	1),
('0366b8c9-ba1f-ddf3-41b1-f44911b9317c',	149,	24,	6,	1),
('58cd8ef4-f682-8ad5-3c0d-c47d48a03b47',	150,	24,	5,	1),
('e1ce4f60-88b1-5797-c6bd-77f8d0fabb7c',	151,	24,	8,	1),
('f89b5d2f-d5a8-c912-4cb7-2d1a1e82d5d8',	152,	24,	4,	5),
('032ae0be-9878-d6bb-311d-188df725c0db',	153,	25,	1,	5),
('7af19af7-abe3-67b1-f2d0-0f4e2859f95d',	154,	25,	2,	5),
('17794a14-f692-febb-3d60-47de1310b147',	155,	25,	35,	10),
('9a1b213b-b99d-ae9d-4a4e-3428ad8b1150',	156,	25,	34,	10),
('264b13f8-d463-378c-55f1-caa394f966f7',	157,	25,	33,	10),
('78cf258e-42fc-46bd-5379-31cd5a60d9b6',	158,	25,	32,	8),
('d555ad9c-cfb7-2c73-4025-8ffda4e66511',	159,	25,	31,	8),
('8337848c-58fd-27c1-fa5d-bb803ff3f1ef',	160,	25,	30,	8),
('ba89a02e-da26-ca21-1b8c-bf3e6c24e588',	161,	25,	29,	8),
('f212da6e-f309-a6c0-82bb-9141a8e5e003',	162,	25,	28,	6),
('24242fa1-fa83-7c0b-2cd5-7fceec8c9c23',	163,	25,	27,	6),
('b36043f8-b70e-c439-af9d-7e8e9b878084',	164,	25,	26,	6),
('96d69c55-e9cf-012c-13d6-daa162613d20',	165,	25,	25,	6),
('73eb354d-8533-88c2-7f79-ccb610cf5e8e',	166,	25,	24,	6),
('b1056222-6c94-3149-3d50-5b356df61e1d',	167,	25,	23,	4),
('6f30ccfa-d4fc-01ac-3046-4ae39c1c3531',	168,	25,	22,	4),
('6f29f49b-1114-87f7-8bde-4c292c6bf8fe',	169,	25,	21,	4),
('8f30cf22-ad19-b456-fbb2-cb996580b63d',	170,	25,	20,	4),
('e183182d-5140-a249-e78a-88ac475df288',	171,	25,	19,	4),
('0a257b26-c787-faaf-acb2-58885566dfa9',	172,	25,	18,	3),
('658c484b-9b68-f536-57ad-c599778c08dd',	173,	25,	17,	3),
('22007924-b465-c604-bbf4-dacd123ea62b',	174,	25,	16,	3),
('df48872b-002c-ec65-3745-7d41c781f473',	175,	25,	15,	3),
('76551154-9985-55ca-5c7f-6b399d0a6ec2',	176,	25,	14,	3),
('10cb5814-519f-2e1b-a285-0f48b3a961ea',	177,	25,	13,	3),
('75324130-1ea9-c478-b404-6e2b0a4d3182',	178,	25,	12,	3),
('7298d97c-b9fb-11ee-7390-3266248a4824',	179,	25,	11,	2),
('910f2ec9-87d1-d2b2-3638-d1997708f207',	180,	25,	10,	2),
('9d56f521-1a21-3c92-9846-5310a63a75c0',	181,	25,	9,	2),
('4bfba4ee-c5e7-fe91-4973-a35e89ea9110',	182,	25,	8,	2),
('4a790caf-4b91-9df4-40bc-a643655100ce',	183,	25,	7,	2),
('fbd9b278-948c-2bb8-66e3-285d1b903fe7',	184,	25,	6,	2),
('984c6ecf-062a-a9ee-8212-679994ed4056',	185,	25,	5,	1),
('c8d06357-a333-519f-38a1-5e1cc1839d5e',	186,	25,	4,	1),
('0c4b6959-472a-5f99-3510-7b6bb008e936',	188,	25,	3,	5);

DROP TABLE IF EXISTS `Secoes`;
CREATE TABLE `Secoes` (
  `uuid` char(32) NOT NULL,
  `Id` bigint(20) NOT NULL AUTO_INCREMENT,
  `PaiId` bigint(20) DEFAULT '0',
  `FilhoId` bigint(20) DEFAULT '0',
  `Grupos` varchar(255) DEFAULT NULL,
  `Titulo` varchar(255) DEFAULT NULL,
  `Slug` varchar(255) DEFAULT NULL,
  `Texto` longtext,
  `Cabecalho` text,
  `Modulo` varchar(255) DEFAULT 'Conteudos',
  `Rodape` text,
  `Formato` varchar(255) DEFAULT 'pagina',
  `Uri` varchar(255) DEFAULT 'pagina.php',
  `Diretorio` varchar(255) DEFAULT NULL,
  `Target` varchar(10) DEFAULT '_self',
  `Ordem` int(10) DEFAULT '0',
  `Sidebar` int(1) DEFAULT '0',
  `Privado` int(1) DEFAULT '0',
  `Situacao` int(1) DEFAULT '1',
  `Arquivado` int(1) DEFAULT '0',
  `CriacaoUsuarioId` bigint(20) DEFAULT NULL,
  `CriacaoDataHora` datetime DEFAULT NULL,
  `AtualizacaoUsuarioId` bigint(20) DEFAULT NULL,
  `AtualizacaoDataHora` datetime DEFAULT NULL,
  PRIMARY KEY (`Id`),
  UNIQUE KEY `Slug` (`Slug`),
  KEY `SecaoPaiId` (`PaiId`),
  KEY `SecaoFilhoId` (`FilhoId`),
  FULLTEXT KEY `Grupos` (`Grupos`)
) ENGINE=InnoDB AUTO_INCREMENT=7 DEFAULT CHARSET=latin1;

INSERT INTO `Secoes` (`uuid`, `Id`, `PaiId`, `FilhoId`, `Grupos`, `Titulo`, `Slug`, `Texto`, `Cabecalho`, `Modulo`, `Rodape`, `Formato`, `Uri`, `Diretorio`, `Target`, `Ordem`, `Sidebar`, `Privado`, `Situacao`, `Arquivado`, `CriacaoUsuarioId`, `CriacaoDataHora`, `AtualizacaoUsuarioId`, `AtualizacaoDataHora`) VALUES
('a73fc500-a39f-5d6c-4973-740f1556',	1,	0,	0,	NULL,	'Dashboard',	'dashboard',	'',	'',	'Questionarios',	'',	'dashboard',	'questionario.php',	NULL,	'_self',	0,	0,	1,	1,	0,	NULL,	NULL,	NULL,	NULL),
('a32d715c-5976-6e55-0164-6d411e83',	2,	0,	0,	NULL,	'Questionários',	'questionarios',	'',	'',	'Questionarios',	'',	'formulario',	'questionario.php',	NULL,	'_self',	0,	0,	1,	1,	0,	NULL,	NULL,	NULL,	NULL),
('a73a9ff9-70a8-7727-d808-8560d5f2',	3,	0,	0,	NULL,	'Login',	'login',	'',	'',	'Cadastros',	'',	'cadastros-login',	'pagina.php',	NULL,	'_self',	0,	0,	0,	1,	0,	NULL,	NULL,	NULL,	NULL),
('09bd80e5-4ef7-d251-af55-f49658cc',	4,	0,	0,	NULL,	'Autenticacao',	'autenticacao',	'',	'',	'Cadastros',	'',	'cadastros-autenticacao',	'blank.php',	NULL,	'_self',	0,	0,	0,	1,	0,	NULL,	NULL,	NULL,	NULL),
('a73a9ff9-70a8-7727-d808-8560d5f2',	5,	0,	0,	'',	'Registrar',	'registrar',	'',	'',	'Cadastros',	'',	'cadastros-registro',	'pagina.php',	'',	'_self',	0,	0,	0,	1,	0,	0,	NULL,	0,	NULL),
('a32d715c-5976-6e55-0164-6d411e83',	6,	0,	0,	'',	'Resultados',	'resultados',	'',	'',	'Questionarios',	'',	'resultado',	'questionario.php',	'',	'_self',	0,	0,	1,	1,	0,	0,	NULL,	0,	NULL);

DROP TABLE IF EXISTS `SistemaGrupos`;
CREATE TABLE `SistemaGrupos` (
  `Id` bigint(20) NOT NULL AUTO_INCREMENT,
  `Titulo` varchar(255) NOT NULL,
  `Slug` varchar(255) NOT NULL,
  `Descricao` text NOT NULL,
  `Situacao` int(1) NOT NULL DEFAULT '1',
  PRIMARY KEY (`Id`),
  UNIQUE KEY `Slug` (`Slug`)
) ENGINE=InnoDB AUTO_INCREMENT=3 DEFAULT CHARSET=latin1;

INSERT INTO `SistemaGrupos` (`Id`, `Titulo`, `Slug`, `Descricao`, `Situacao`) VALUES
(1,	'Administradores',	'administradores',	'',	1),
(2,	'Usuários',	'usuarios',	'',	1);

DROP TABLE IF EXISTS `SistemaMenu`;
CREATE TABLE `SistemaMenu` (
  `Id` bigint(20) NOT NULL AUTO_INCREMENT,
  `PaiId` bigint(20) DEFAULT '0',
  `Grupos` varchar(255) DEFAULT NULL,
  `Titulo` varchar(255) DEFAULT NULL,
  `Slug` varchar(255) DEFAULT NULL,
  `Target` varchar(255) DEFAULT NULL,
  `Situacao` int(1) NOT NULL DEFAULT '1',
  `Privado` int(1) NOT NULL DEFAULT '0',
  `Arquivado` int(1) NOT NULL DEFAULT '0',
  `Ordem` int(11) NOT NULL DEFAULT '0',
  PRIMARY KEY (`Id`)
) ENGINE=InnoDB AUTO_INCREMENT=10021 DEFAULT CHARSET=latin1;

INSERT INTO `SistemaMenu` (`Id`, `PaiId`, `Grupos`, `Titulo`, `Slug`, `Target`, `Situacao`, `Privado`, `Arquivado`, `Ordem`) VALUES
(100,	0,	'1,2',	'Conteudos',	'Conteudos',	'_self',	1,	0,	0,	0),
(110,	0,	'1,2',	'Questionários',	'Questionarios',	'_self',	1,	0,	0,	0),
(120,	0,	'1,2',	'Cadastros',	'Cadastros',	'_self',	1,	0,	0,	0),
(200,	0,	'1,2',	'Seções',	'Secoes',	'_self',	1,	0,	0,	0),
(900,	0,	'1',	'Usuários',	'SistemaUsuarios',	'_self',	1,	0,	0,	0),
(910,	0,	'1',	'Configurações',	'Configuracoes',	'_self',	1,	0,	0,	0),
(10000,	0,	'0',	'Manutenção',	'Manutencao',	'_self',	1,	0,	0,	0),
(10001,	10000,	'0',	'Configurações',	'SistemaConfiguracoes',	'_self',	1,	0,	0,	0),
(10020,	10000,	'0',	'Grupos',	'SistemaGrupos',	'_self',	1,	0,	0,	0);

DROP TABLE IF EXISTS `SistemaUsuarios`;
CREATE TABLE `SistemaUsuarios` (
  `uuid` char(36) NOT NULL,
  `Id` bigint(20) NOT NULL AUTO_INCREMENT,
  `SistemaGruposId` bigint(20) NOT NULL,
  `Login` varchar(255) NOT NULL,
  `Nome` varchar(255) NOT NULL,
  `Email` varchar(255) NOT NULL,
  `Senha` varchar(255) NOT NULL,
  `Situacao` int(1) NOT NULL DEFAULT '1',
  `Arquivado` int(1) NOT NULL DEFAULT '0',
  `Criacao` datetime NOT NULL,
  `Atualizacao` datetime NOT NULL,
  `AtualizacaoUsuarioId` bigint(20) NOT NULL,
  PRIMARY KEY (`Id`),
  UNIQUE KEY `Chave` (`uuid`),
  UNIQUE KEY `Login` (`Login`),
  KEY `AdminGruposId` (`SistemaGruposId`)
) ENGINE=InnoDB AUTO_INCREMENT=3 DEFAULT CHARSET=latin1;

INSERT INTO `SistemaUsuarios` (`uuid`, `Id`, `SistemaGruposId`, `Login`, `Nome`, `Email`, `Senha`, `Situacao`, `Arquivado`, `Criacao`, `Atualizacao`, `AtualizacaoUsuarioId`) VALUES
('61099e6c-8c70-9270-5bbf-5ffb5727f9e3',	1,	1,	'birah',	'Ubiratã Carvalho Nogueira',	'bira@gosites.com.br',	'c2a48cab5da6a8c0b7f5b2ab6672e8e0',	1,	0,	'2017-12-07 21:07:21',	'0000-00-00 00:00:00',	0),
('760ebe7d-c6f4-8409-5496-e2e42aeed816',	2,	1,	'lia@labe.cx',	'Lia Isumi',	'lia@labe.cx',	'e10adc3949ba59abbe56e057f20f883e',	1,	0,	'2019-04-02 00:21:43',	'0000-00-00 00:00:00',	0);

-- 2019-04-24 03:06:03
